id,state,vm_id,length,pes,arrival,submit,start,finish,exec_time,wait_time,response_time,sla_violated
0,SUCCESS,4,84426,2,0,0.0,0.0,0.5276625,0.5276625,0.0,0.5276625,False
1,SUCCESS,4,94496,4,0,0.0,2.7052625,3.2958625,0.5906000000000002,2.7052625,3.2958625,False
2,SUCCESS,0,52635,1,0,0.0,0.0,1.315875,1.315875,0.0,1.315875,False
3,SUCCESS,3,59487,3,0,0.0,5.00054,6.19028,1.1897399999999996,5.00054,6.19028,False
4,SUCCESS,0,57793,2,0,0.0,4.035775,5.4806,1.4448249999999998,4.035775,5.4806,False
5,SUCCESS,2,52536,3,0,0.0,3.4772666666666665,6.979666666666667,3.5024,3.4772666666666665,6.979666666666667,False
6,SUCCESS,2,52159,1,0,0.0,0.0,3.4772666666666665,3.4772666666666665,0.0,3.4772666666666665,False
7,SUCCESS,2,93332,1,0,0.0,6.979666666666667,13.2018,6.222133333333334,6.979666666666667,13.2018,False
8,SUCCESS,0,55825,1,0,0.0,5.4806,6.876225,1.395625,5.4806,6.876225,False
9,SUCCESS,3,53340,4,0,0.0,3.9337400000000002,5.00054,1.0667999999999997,3.9337400000000002,5.00054,False
10,SUCCESS,1,55249,1,0,0.0,2.402125,2.8625333333333334,0.46040833333333353,2.402125,2.8625333333333334,False
11,SUCCESS,1,66291,2,0,0.0,0.7089833333333333,1.2614083333333332,0.5524249999999999,0.7089833333333333,1.2614083333333332,False
12,SUCCESS,4,76062,3,0,0.0,0.8500375,1.325425,0.4753875000000001,0.8500375,1.325425,False
13,SUCCESS,1,85078,2,0,0.0,0.0,0.7089833333333333,0.7089833333333333,0.0,0.7089833333333333,False
14,SUCCESS,4,51580,1,0,0.0,0.5276625,0.8500375,0.32237499999999997,0.5276625,0.8500375,False
15,SUCCESS,3,70930,3,0,0.0,2.51514,3.9337400000000002,1.4186,2.51514,3.9337400000000002,False
16,SUCCESS,1,52500,2,0,0.0,1.9646249999999998,2.402125,0.4375,1.9646249999999998,2.402125,False
17,SUCCESS,4,92561,4,0,0.0,2.12675625,2.7052625,0.5785062499999998,2.12675625,2.7052625,False
18,SUCCESS,4,61606,3,0,0.0,1.74171875,2.12675625,0.38503750000000014,1.74171875,2.12675625,False
19,SUCCESS,3,56571,2,0,0.0,1.38372,2.51514,1.13142,1.38372,2.51514,False
20,SUCCESS,3,69186,3,0,0.0,0.0,1.38372,1.38372,0.0,1.38372,False
21,SUCCESS,1,84386,1,0,0.0,1.2614083333333332,1.9646249999999998,0.7032166666666666,1.2614083333333332,1.9646249999999998,False
22,SUCCESS,4,66607,3,0,0.0,1.325425,1.74171875,0.4162937499999999,1.325425,1.74171875,False
23,SUCCESS,0,50245,3,0,0.0,2.77965,4.035775,1.256125,2.77965,4.035775,False
24,SUCCESS,0,58551,1,0,0.0,1.315875,2.77965,1.4637750000000003,1.315875,2.77965,False
