id,state,vm_id,length,pes,arrival,submit,start,finish,exec_time,wait_time,response_time,sla_violated
1,SUCCESS,4,50000,2,5,5,5,5.3125,0.3125,0.0,0.3125,False
2,SUCCESS,1,30000,1,3,3,3,3.25,0.25,0.0,0.25,False
3,SUCCESS,4,80000,4,2,2,2,2.5,0.5,0.0,0.5,False
4,SUCCESS,1,20000,1,1,1,1,1.1666666666666667,0.16666666666666674,0.0,0.16666666666666674,False
5,SUCCESS,1,60000,2,0,0.0,0.0,0.5,0.5,0.0,0.5,False
6,SUCCESS,4,40000,2,5.5,5.5,5.5,5.75,0.25,0.0,0.25,False
7,SUCCESS,3,25000,1,3.1,3.1,3.1,3.6,0.5,0.0,0.5,False
8,SUCCESS,4,60000,4,2.5,2.5,2.5,2.875,0.375,0.0,0.375,False
